VariationName                      ,TimeChameleon ,R0_initTasks ,R0_TotalEffectiveThroughput ,R0_TaskMigrationRate ,R0_TaskProcessingRate ,R0_NumExecutedTasksOverall ,R0_NumMigrationDecisionsPerformed ,R0_NumMigrationsDone ,R0_NumTasksOffloaded ,R0_TimeTaskwaitSum ,R0_TimeTaskwaitIdlingSum ,R1_initTasks ,R1_TaskProcessingRate ,R1_NumExecutedTasksOverall ,R1_TimeTaskwaitSum ,R1_TimeTaskwaitIdlingSum ,Group ,SomeIndex
2PPN_S600_OLS1_OS0_TopologyNearest ,25.311435     ,1400.0       ,1041.1155                   ,117.2871125          ,123.99743             ,1554.5                     ,3502499.0                         ,1258.5               ,1258.5               ,578.66236496       ,125.573791862            ,0.0          ,96.65357              ,1239.5                     ,582.140113711      ,127.99865365             ,5     ,0
2PPN_S600_OLS1_OS0_Topology2Hops   ,31.221525     ,1400.0       ,805.06                      ,82.903102            ,124.514905            ,1887.0                     ,2721729.5                         ,978.5                ,978.5                ,714.579325676      ,129.668022156            ,0.0          ,65.964019             ,1056.5                     ,718.069282532      ,268.644845963            ,5     ,2
2PPN_S600_OLS1_OS0_TopologyDistant ,30.679645     ,1400.0       ,696.6715                    ,72.254698            ,117.0993495           ,1828.5                     ,2440025.5                         ,1033.0               ,1033.0               ,702.164414048      ,119.134944677            ,0.0          ,84.700631             ,1347.5                     ,705.405272603      ,256.337851167            ,5     ,1
2PPN_S600_ChameleonNoTopo          ,24.15154      ,1400.0       ,1143.7655                   ,131.435324           ,130.7826325           ,1528.0                     ,2413796.5                         ,1316.0               ,1316.0               ,551.960990071      ,72.4647746087            ,0.0          ,101.812759            ,1267.0                     ,555.466245055      ,186.04662025             ,5     ,3
