VariationName                     ,TimeChameleon ,R0_initTasks ,R0_TotalEffectiveThroughput ,R0_TaskMigrationRate ,R0_TaskProcessingRate ,R0_NumExecutedTasksOverall ,R0_NumMigrationDecisionsPerformed ,R0_NumMigrationsDone ,R0_NumTasksOffloaded ,R0_TimeTaskwaitSum ,R0_TimeTaskwaitIdlingSum ,R1_initTasks ,R1_TaskProcessingRate ,R1_NumExecutedTasksOverall ,R1_TimeTaskwaitSum ,R1_TimeTaskwaitIdlingSum ,Group ,SomeIndex
4PPN_S90_OLS0_OS0_TopologyNearest ,2.00851       ,40000.0      ,1979.7995                   ,10078.010469         ,72652.754379          ,70386.0                    ,22404.5                           ,3942.5               ,9718.0               ,21.3279154301      ,1.2632231712             ,20000.0      ,45148.1070225         ,44340.5                    ,21.6971915961      ,8.93064379695            ,0     ,0
4PPN_S90_OLS0_OS1_TopologyNearest ,2.01971       ,40000.0      ,1452.273                    ,7463.780747          ,74366.1282585         ,72499.0                    ,98619.5                           ,7501.0               ,7501.0               ,21.4461568594      ,1.2376059294             ,20000.0      ,44690.1664315         ,44318.0                    ,21.818841815       ,9.0920639038             ,1     ,0
4PPN_S90_OLS1_OS0_TopologyNearest ,2.02185       ,40000.0      ,1547.929                    ,7955.3943645         ,73985.6055555         ,72260.0                    ,99544.0                           ,7740.0               ,7740.0               ,21.482616663       ,1.2719384432             ,20000.0      ,44330.297074          ,44045.5                    ,21.8483282327      ,9.10593390465            ,2     ,0
