TaskSelectionStrat ,PageSelectionStrat ,PageWeightStrat ,ConsiderTypes ,PageN ,TaskN ,MapMode ,CheckPhysical ,SlurmNodes ,SlurmTasksPerNode ,OmpNumThreads ,NumaBalancing ,MatrixSize ,MatrixNumTasks ,MatrixDistribution                                                                              ,ChameleonVersion                  ,Program       ,TimeChameleon ,TCUQ    ,TCLQ    ,TCUW    ,TCLW    ,TimeTasking ,TTUQ ,TTLQ ,TTUW ,TTLW ,TopoStrat ,NRuns ,SomeIndex
1                  ,2                  ,2               ,1             ,16    ,3     ,3       ,1             ,6          ,4                 ,11            ,0             ,90         ,21000          ,2000 1000 500 0 2000 1000 500 0 2000 1000 500 0 2000 1000 500 0 2000 1000 500 0 2000 1000 500 0 ,chameleon/intel_tool              ,mxm_chameleon ,0.12793       ,0.12985 ,0.12786 ,0.13025 ,0.12653 ,-1.0        ,-1.0 ,-1.0 ,-1.0 ,-1.0 ,1         ,5     ,0
1                  ,2                  ,2               ,1             ,16    ,3     ,3       ,1             ,6          ,4                 ,11            ,0             ,90         ,21000          ,2000 1000 500 0 2000 1000 500 0 2000 1000 500 0 2000 1000 500 0 2000 1000 500 0 2000 1000 500 0 ,chameleon/intel_tool              ,mxm_chameleon ,0.14487       ,0.14501 ,0.1432  ,0.14679 ,0.14173 ,-1.0        ,-1.0 ,-1.0 ,-1.0 ,-1.0 ,2         ,5     ,1
1                  ,2                  ,2               ,1             ,16    ,3     ,3       ,1             ,6          ,4                 ,11            ,0             ,90         ,21000          ,2000 1000 500 0 2000 1000 500 0 2000 1000 500 0 2000 1000 500 0 2000 1000 500 0 2000 1000 500 0 ,chameleon/intel                   ,mxm_chameleon ,0.14069       ,0.14087 ,0.14061 ,0.14087 ,0.14026 ,-1.0        ,-1.0 ,-1.0 ,-1.0 ,-1.0 ,0         ,5     ,2
1                  ,2                  ,2               ,1             ,16    ,3     ,3       ,1             ,6          ,4                 ,11            ,0             ,90         ,21000          ,2000 1000 500 0 2000 1000 500 0 2000 1000 500 0 2000 1000 500 0 2000 1000 500 0 2000 1000 500 0 ,chameleon/intel_aff_no_commthread ,mxm_chameleon ,0.23058       ,0.30019 ,0.22254 ,0.31225 ,0.1999  ,-1.0        ,-1.0 ,-1.0 ,-1.0 ,-1.0 ,-1        ,5     ,3
