TaskSelectionStrat,PageSelectionStrat,PageWeightStrat,ConsiderTypes,PageN,TaskN,MapMode,CheckPhysical,SlurmNodes,SlurmTasksPerNode,OmpNumThreads,NumaBalancing,MatrixSize,MatrixNumTasks,MatrixDistribution,ChameleonVersion,Program,TimeChameleon,TCUQ,TCLQ,TCUW,TCLW,TimeTasking,TTUQ,TTLQ,TTUW,TTLW,TopoStrat,NRuns,SomeIndex
1,2,2,1,16,3,3,1,6,4,11,0,600,21000,2000 1000 500 0 2000 1000 500 0 2000 1000 500 0 2000 1000 500 0 2000 1000 500 0 2000 1000 500 0,chameleon/intel_aff_no_commthread,mxm_chameleon,61.19183,61.19183,61.19183,61.19183,61.19183,-1.0,-1.0,-1.0,-1.0,-1.0,-1,1,2
1,2,2,1,16,3,3,1,6,4,11,0,600,21000,2000 1000 500 0 2000 1000 500 0 2000 1000 500 0 2000 1000 500 0 2000 1000 500 0 2000 1000 500 0,chameleon/intel_tool,mxm_chameleon,30.78807,30.78807,30.78807,30.78807,30.78807,-1.0,-1.0,-1.0,-1.0,-1.0,1,1,0
1,2,2,1,16,3,3,1,6,4,11,0,600,21000,2000 1000 500 0 2000 1000 500 0 2000 1000 500 0 2000 1000 500 0 2000 1000 500 0 2000 1000 500 0,chameleon/intel_tool,mxm_chameleon,29.99563,29.99563,29.99563,29.99563,29.99563,-1.0,-1.0,-1.0,-1.0,-1.0,2,1,1
