TaskSelectionStrat ,PageSelectionStrat ,PageWeightStrat ,ConsiderTypes ,PageN ,TaskN ,MapMode ,CheckPhysical ,SlurmNodes ,SlurmTasksPerNode ,OmpNumThreads ,NumaBalancing ,MatrixSize ,MatrixNumTasks ,MatrixDistribution                                                                              ,ChameleonVersion                  ,Program       ,TimeChameleon ,TCUQ     ,TCLQ     ,TCUW     ,TCLW     ,TimeTasking ,TTUQ ,TTLQ ,TTUW ,TTLW ,TopoStrat ,TopoOffloadSingle ,NRuns ,SomeIndex
1                  ,2                  ,2               ,1             ,16    ,3     ,3       ,1             ,6          ,4                 ,11            ,0             ,600        ,21000          ,2000 1000 500 0 2000 1000 500 0 2000 1000 500 0 2000 1000 500 0 2000 1000 500 0 2000 1000 500 0 ,chameleon/intel_tool              ,mxm_chameleon ,31.32351      ,31.5623  ,31.29531 ,31.5623  ,31.25433 ,-1.0        ,-1.0 ,-1.0 ,-1.0 ,-1.0 ,1         ,1                 ,5     ,0
1                  ,2                  ,2               ,1             ,16    ,3     ,3       ,1             ,6          ,4                 ,11            ,0             ,600        ,21000          ,2000 1000 500 0 2000 1000 500 0 2000 1000 500 0 2000 1000 500 0 2000 1000 500 0 2000 1000 500 0 ,chameleon/intel_tool              ,mxm_chameleon ,30.13406      ,30.13645 ,30.11319 ,30.16039 ,30.10065 ,-1.0        ,-1.0 ,-1.0 ,-1.0 ,-1.0 ,2         ,1                 ,5     ,1
1                  ,2                  ,2               ,1             ,16    ,3     ,3       ,1             ,6          ,4                 ,11            ,0             ,600        ,21000          ,2000 1000 500 0 2000 1000 500 0 2000 1000 500 0 2000 1000 500 0 2000 1000 500 0 2000 1000 500 0 ,chameleon/intel                   ,mxm_chameleon ,30.29973      ,30.35722 ,30.29827 ,30.38879 ,30.29075 ,-1.0        ,-1.0 ,-1.0 ,-1.0 ,-1.0 ,0         ,1                 ,5     ,2
1                  ,2                  ,2               ,1             ,16    ,3     ,3       ,1             ,6          ,4                 ,11            ,0             ,600        ,21000          ,2000 1000 500 0 2000 1000 500 0 2000 1000 500 0 2000 1000 500 0 2000 1000 500 0 2000 1000 500 0 ,chameleon/intel_aff_no_commthread ,mxm_chameleon ,61.26         ,61.26049 ,61.08209 ,61.45548 ,60.95309 ,-1.0        ,-1.0 ,-1.0 ,-1.0 ,-1.0 ,-1        ,1                 ,5     ,3
