TaskSelectionStrat ,PageSelectionStrat ,PageWeightStrat ,ConsiderTypes ,PageN ,TaskN ,MapMode ,CheckPhysical ,SlurmNodes ,SlurmTasksPerNode ,OmpNumThreads ,NumaBalancing ,MatrixSize ,MatrixNumTasks ,MatrixDistribution                                                                              ,ChameleonVersion                  ,Program       ,TimeChameleon ,TCUQ     ,TCLQ     ,TCUW     ,TCLW     ,TimeTasking ,TTUQ ,TTLQ ,TTUW ,TTLW ,TopoStrat ,NRuns ,SomeIndex
1                  ,2                  ,2               ,1             ,16    ,3     ,3       ,1             ,6          ,4                 ,11            ,0             ,600        ,21000          ,2000 1000 500 0 2000 1000 500 0 2000 1000 500 0 2000 1000 500 0 2000 1000 500 0 2000 1000 500 0 ,chameleon/intel_tool              ,mxm_chameleon ,30.87882      ,30.95222 ,30.8636  ,30.95222 ,30.7959  ,-1.0        ,-1.0 ,-1.0 ,-1.0 ,-1.0 ,1         ,5     ,0
1                  ,2                  ,2               ,1             ,16    ,3     ,3       ,1             ,6          ,4                 ,11            ,0             ,600        ,21000          ,2000 1000 500 0 2000 1000 500 0 2000 1000 500 0 2000 1000 500 0 2000 1000 500 0 2000 1000 500 0 ,chameleon/intel_tool              ,mxm_chameleon ,30.16697      ,30.17225 ,30.15135 ,30.17225 ,30.12012 ,-1.0        ,-1.0 ,-1.0 ,-1.0 ,-1.0 ,2         ,5     ,1
1                  ,2                  ,2               ,1             ,16    ,3     ,3       ,1             ,6          ,4                 ,11            ,0             ,600        ,21000          ,2000 1000 500 0 2000 1000 500 0 2000 1000 500 0 2000 1000 500 0 2000 1000 500 0 2000 1000 500 0 ,chameleon/intel                   ,mxm_chameleon ,30.23162      ,30.26449 ,30.22492 ,30.29912 ,30.22492 ,-1.0        ,-1.0 ,-1.0 ,-1.0 ,-1.0 ,0         ,5     ,2
1                  ,2                  ,2               ,1             ,16    ,3     ,3       ,1             ,6          ,4                 ,11            ,0             ,600        ,21000          ,2000 1000 500 0 2000 1000 500 0 2000 1000 500 0 2000 1000 500 0 2000 1000 500 0 2000 1000 500 0 ,chameleon/intel_aff_no_commthread ,mxm_chameleon ,61.62405      ,61.66853 ,61.5255  ,61.74738 ,61.5255  ,-1.0        ,-1.0 ,-1.0 ,-1.0 ,-1.0 ,-1        ,5     ,3
