TaskSelectionStrat ,PageSelectionStrat ,PageWeightStrat ,ConsiderTypes ,PageN ,TaskN ,MapMode ,CheckPhysical ,SlurmNodes ,SlurmTasksPerNode ,OmpNumThreads ,NumaBalancing ,MatrixSize ,MatrixNumTasks ,MatrixDistribution                                                                                                ,ChameleonVersion                  ,Program       ,TimeChameleon ,TCUQ     ,TCLQ     ,TCUW     ,TCLW     ,TimeTasking ,TTUQ ,TTLQ ,TTUW ,TTLW ,TopoStrat ,TopoOffloadSingle ,NRuns ,SomeIndex
1                  ,2                  ,2               ,1             ,16    ,3     ,3       ,1             ,6          ,4                 ,11            ,0             ,90         ,210000         ,20000 10000 5000 0 20000 10000 5000 0 20000 10000 5000 0 20000 10000 5000 0 20000 10000 5000 0 20000 10000 5000 0 ,chameleon/intel_tool              ,mxm_chameleon ,11.96079      ,12.07504 ,11.90539 ,12.07504 ,11.81653 ,-1.0        ,-1.0 ,-1.0 ,-1.0 ,-1.0 ,1         ,1                 ,5     ,0
1                  ,2                  ,2               ,1             ,16    ,3     ,3       ,1             ,6          ,4                 ,11            ,0             ,90         ,210000         ,20000 10000 5000 0 20000 10000 5000 0 20000 10000 5000 0 20000 10000 5000 0 20000 10000 5000 0 20000 10000 5000 0 ,chameleon/intel_tool              ,mxm_chameleon ,11.7585       ,11.80808 ,11.5904  ,11.91885 ,11.58624 ,-1.0        ,-1.0 ,-1.0 ,-1.0 ,-1.0 ,2         ,1                 ,5     ,1
1                  ,2                  ,2               ,1             ,16    ,3     ,3       ,1             ,6          ,4                 ,11            ,0             ,90         ,210000         ,20000 10000 5000 0 20000 10000 5000 0 20000 10000 5000 0 20000 10000 5000 0 20000 10000 5000 0 20000 10000 5000 0 ,chameleon/intel                   ,mxm_chameleon ,12.86748      ,12.9054  ,12.44667 ,12.96118 ,12.40707 ,-1.0        ,-1.0 ,-1.0 ,-1.0 ,-1.0 ,0         ,1                 ,5     ,2
1                  ,2                  ,2               ,1             ,16    ,3     ,3       ,1             ,6          ,4                 ,11            ,0             ,90         ,210000         ,20000 10000 5000 0 20000 10000 5000 0 20000 10000 5000 0 20000 10000 5000 0 20000 10000 5000 0 20000 10000 5000 0 ,chameleon/intel_aff_no_commthread ,mxm_chameleon ,19.64893      ,21.246   ,18.80912 ,22.03841 ,18.61863 ,-1.0        ,-1.0 ,-1.0 ,-1.0 ,-1.0 ,-1        ,1                 ,5     ,3
