TaskSelectionStrat ,PageSelectionStrat ,PageWeightStrat ,ConsiderTypes ,PageN ,TaskN ,MapMode ,CheckPhysical ,SlurmNodes ,SlurmTasksPerNode ,OmpNumThreads ,NumaBalancing ,MatrixSize ,MatrixNumTasks ,MatrixDistribution                                                                                                ,ChameleonVersion                  ,Program       ,TimeChameleon ,TCUQ     ,TCLQ     ,TCUW     ,TCLW     ,TimeTasking ,TTUQ ,TTLQ ,TTUW ,TTLW ,TopoStrat ,NRuns ,SomeIndex
1                  ,2                  ,2               ,1             ,16    ,3     ,3       ,1             ,6          ,4                 ,11            ,0             ,90         ,210000         ,20000 10000 5000 0 20000 10000 5000 0 20000 10000 5000 0 20000 10000 5000 0 20000 10000 5000 0 20000 10000 5000 0 ,chameleon/intel_tool              ,mxm_chameleon ,11.09358      ,11.13507 ,10.99273 ,11.13507 ,10.81847 ,-1.0        ,-1.0 ,-1.0 ,-1.0 ,-1.0 ,1         ,5     ,0
1                  ,2                  ,2               ,1             ,16    ,3     ,3       ,1             ,6          ,4                 ,11            ,0             ,90         ,210000         ,20000 10000 5000 0 20000 10000 5000 0 20000 10000 5000 0 20000 10000 5000 0 20000 10000 5000 0 20000 10000 5000 0 ,chameleon/intel_tool              ,mxm_chameleon ,11.48356      ,11.61088 ,11.46452 ,11.77231 ,11.38277 ,-1.0        ,-1.0 ,-1.0 ,-1.0 ,-1.0 ,2         ,5     ,1
1                  ,2                  ,2               ,1             ,16    ,3     ,3       ,1             ,6          ,4                 ,11            ,0             ,90         ,210000         ,20000 10000 5000 0 20000 10000 5000 0 20000 10000 5000 0 20000 10000 5000 0 20000 10000 5000 0 20000 10000 5000 0 ,chameleon/intel                   ,mxm_chameleon ,12.33485      ,12.55144 ,12.11451 ,12.76888 ,12.08981 ,-1.0        ,-1.0 ,-1.0 ,-1.0 ,-1.0 ,0         ,5     ,2
1                  ,2                  ,2               ,1             ,16    ,3     ,3       ,1             ,6          ,4                 ,11            ,0             ,90         ,210000         ,20000 10000 5000 0 20000 10000 5000 0 20000 10000 5000 0 20000 10000 5000 0 20000 10000 5000 0 20000 10000 5000 0 ,chameleon/intel_aff_no_commthread ,mxm_chameleon ,21.2312       ,23.43351 ,19.35475 ,23.65589 ,18.58904 ,-1.0        ,-1.0 ,-1.0 ,-1.0 ,-1.0 ,-1        ,5     ,3
