CommThreadWorkContributionLimit,MatrixSize,MatrixNumTasks,MatrixDistribution,VariationName,TimeChameleon,SUM_NumMigrationsDone,SUM_TasksExecutedByCommThread,Group,SomeIndex
-10,600,1400,800 400 200 0,-1,24.27703,92.0,118.0,-1,1
5,600,1400,800 400 200 0,-1,24.61112,93.0,114.0,-1,2
1,600,1400,800 400 200 0,-1,24.67138,93.0,116.0,-1,3
0,600,1400,800 400 200 0,-1,24.59313,92.0,115.0,-1,4
1,600,1400,800 400 200 0,-1,24.70306,97.0,114.0,-1,5
5,600,1400,800 400 200 0,-1,24.51823,93.0,114.0,-1,6
10,600,1400,800 400 200 0,-1,24.68202,94.0,115.0,-1,7
