CommThreadWorkContributionLimit,MatrixSize,MatrixNumTasks,MatrixDistribution,VariationName,TimeChameleon,SUM_NumMigrationDecisionsPerformed,SUM_NumMigrationsDone,SUM_TasksExecutedByCommThread,Group,SomeIndex
0,600,1400,800 400 200 0,-1,13.28301,2580988.0,1028.0,0.0,-1,1
1,600,1400,800 400 200 0,-1,25.35362,69.0,53.0,113.0,-1,2
10,600,1400,800 400 200 0,-1,25.12187,475.0,92.0,112.0,-1,3
50,600,1400,800 400 200 0,-1,24.87997,2218.0,98.0,114.0,-1,4
100,600,1400,800 400 200 0,-1,24.85997,4198.0,91.0,113.0,-1,5
1000,600,1400,800 400 200 0,-1,24.65018,37849.0,121.0,110.0,-1,6
10000,600,1400,800 400 200 0,-1,22.30878,288057.0,317.0,87.0,-1,7
100000,600,1400,800 400 200 0,-1,16.79231,1557394.0,806.0,34.0,-1,1
1000000,600,1400,800 400 200 0,-1,14.68072,2869058.0,947.0,1.0,-1,2
